name,cost,rating,num_reviewer,location_x,location_y
hilton_downtown,100,4.452080654223169,318,70,53
marriot,90,3.9674416798353,260,61,98
airbnb_1,70,3.6672369248747225,223,42,35
airbnb_2,65,4.356869247948842,391,61,5
airbnb_3,80,3.199423407229678,214,90,95
